type,key,value
set,01HF5QNMH8S88AHGFNBHHKAGSJ,"{""name"":""jiojio"",""age"":18}"
type,key,value
set,01HF5QNQBYQEHPX9KT9MTEXRF9,"{""name"":""jiojio"",""age"":18}"
type,key,value
delete,01HF5QNQBYQEHPX9KT9MTEXRF9,
type,key,value
set,01HF5QPB36FGEA56TTXHDP06ZK,"{""name"":""jiojio"",""age"":18}"
type,key,value
delete,01HF5QPB36FGEA56TTXHDP06ZK,
type,key,value
set,01HF5QPHTS1FQVVCV0BRJ5DCP9,"{""name"":""jiojio"",""age"":18}"
type,key,value
set,01HF5SN9R8F8XXDPWFGTHJY0SH,"{""name"":""jiojio"",""age"":18,""address"":""beijing""}"
type,key,value
set,01HF5SP6KSKK7VYWVNTDEMGQ6H,"{""name"":""jiojio"",""age"":18,""address"":""beijing""}"
type,key,value
set,01HF5SXSX060FSQ5PVES5HRA9S,"{""name"":""jiojio"",""age"":18,""address"":""beijing""}"
type,key,value
set,01HF5XXAQV1PVFZVTDVPWPRQQ3,"{""name"":""jiojio"",""age"":18}"
type,key,value
delete,01HF5XXAQV1PVFZVTDVPWPRQQ3,
type,key,value
set,01HF5XZKWDC644QZ1ZDGQ4WS0M,"{""name"":""jiojio"",""age"":18}"
type,key,value
set,niga,"{""name"":""dio"",""age"":18,""address"":""息屏""}"
type,key,value
set,niga,"{""name"":""dio"",""age"":18,""address"":""息屏""}"
type,key,value
set,01HF6MAYB98EPRWAKMGPMERD4K,"{""name"":""test"",""age"":0}"
type,key,value
set,01HF6MAYBD9ZCAJJ8XABNP12P1,"{""name"":""test"",""age"":2}"
type,key,value
set,01HF6MAYBDZ8QB6ECYATMXSFVN,"{""name"":""test"",""age"":5}"
type,key,value
set,01HF6MAYBDG85Z1ZJ82VZJW5HX,"{""name"":""test"",""age"":4}"
type,key,value
set,01HF6MAYBD3QQSMBE8GR95CG04,"{""name"":""test"",""age"":6}"
type,key,value
set,01HF6MAYBD93V6CQZRNA6FPKGY,"{""name"":""test"",""age"":3}"
type,key,value
set,01HF6MAYBCMVVKB30G8YCEDJBE,"{""name"":""test"",""age"":1}"
type,key,value
set,01HF6MAYBD3D7BV7J1CGWNFTAN,"{""name"":""test"",""age"":8}"
type,key,value
set,01HF6MAYBDKQ70AH9K9CC6KE2T,"{""name"":""test"",""age"":7}"
type,key,value
set,01HF6MAYBD6FFV8VZ4ESB4RYDF,"{""name"":""test"",""age"":9}"
type,key,value
set,01HF6MAYBDJF4AB3TF44D2AGF3,"{""name"":""test"",""age"":10}"
type,key,value
set,01HF6MAYBD8DVK14V1HF9FHY67,"{""name"":""test"",""age"":11}"
type,key,value
set,01HF6MAYBDYNK6SKNDKSS6C420,"{""name"":""test"",""age"":12}"
type,key,value
set,01HF6MAYBD8S7S11BBCJYRFVP1,"{""name"":""test"",""age"":13}"
type,key,value
set,01HF6MAYBDZY2HCR68M1DPQQC5,"{""name"":""test"",""age"":14}"
type,key,value
set,01HF6MAYBDM0ZZZ0T5KNJ65SEV,"{""name"":""test"",""age"":15}"
type,key,value
set,01HF6MAYBDFHYMKWY049FH4YBD,"{""name"":""test"",""age"":16}"
type,key,value
set,01HF6MAYBE1DNRW5M7BKZ9TTSB,"{""name"":""test"",""age"":17}"
type,key,value
set,01HF6MAYBE4JENF6SP9PH7QGC7,"{""name"":""test"",""age"":18}"
type,key,value
set,01HF6MAYBEHBQ08VJFZ2TKMHNY,"{""name"":""test"",""age"":19}"
type,key,value
set,01HF6MAYBECZ7TCAB4294V0YR6,"{""name"":""test"",""age"":20}"
type,key,value
set,01HF6MAYBEAA1SJ2YKMXRZR7FG,"{""name"":""test"",""age"":21}"
type,key,value
set,01HF6MAYBEAPW1MWWWETC5CR1A,"{""name"":""test"",""age"":22}"
type,key,value
set,01HF6MAYBE5RKK8CFYTA3H2EZF,"{""name"":""test"",""age"":23}"
type,key,value
set,01HF6MAYBEXRKZE04JZEW14652,"{""name"":""test"",""age"":24}"
type,key,value
set,01HF6MAYBEYGJQW37G1KF3H54Z,"{""name"":""test"",""age"":25}"
type,key,value
set,01HF6MAYBE5FZFVEN29PZNSBA6,"{""name"":""test"",""age"":26}"
type,key,value
set,01HF6MAYBEE3TMXYSYFHGH7NEY,"{""name"":""test"",""age"":27}"
type,key,value
set,01HF6MAYBEEYZZ8520N09S0Z8D,"{""name"":""test"",""age"":28}"
type,key,value
set,01HF6MAYBE6B740WEDTSWRQQ0N,"{""name"":""test"",""age"":29}"
type,key,value
set,01HF6MAYBEMDJKPEJ8E1Q2T2XM,"{""name"":""test"",""age"":30}"
type,key,value
set,01HF6MAYBEPF4S72JMFEKA33MZ,"{""name"":""test"",""age"":31}"
type,key,value
set,01HF6MAYBE2RE5Y71D8DHSEZ5D,"{""name"":""test"",""age"":32}"
type,key,value
set,01HF6MAYBEGDKX6X13AYW74SM2,"{""name"":""test"",""age"":33}"
type,key,value
set,01HF6MAYBE4QWZH6E5MQBJMT0C,"{""name"":""test"",""age"":34}"
type,key,value
set,01HF6MAYBEQF82XK9YYEGCY4XF,"{""name"":""test"",""age"":35}"
type,key,value
set,01HF6MAYBEDS0EEK2YHQDZ3S8V,"{""name"":""test"",""age"":36}"
type,key,value
set,01HF6MAYBEBYAD48MEE3XJM8N3,"{""name"":""test"",""age"":37}"
type,key,value
set,01HF6MAYBFCZ418B4HGFYMRFJV,"{""name"":""test"",""age"":42}"
type,key,value
set,01HF6MAYBEWC5BSR4QZEKZF3FQ,"{""name"":""test"",""age"":41}"
type,key,value
set,01HF6MAYBF3GFXWTA0DWY2HGR4,"{""name"":""test"",""age"":43}"
type,key,value
set,01HF6MAYBEKB3ZYVYPF1ADZ72D,"{""name"":""test"",""age"":38}"
type,key,value
set,01HF6MAYBFFEKHD25N2059542C,"{""name"":""test"",""age"":44}"
type,key,value
set,01HF6MAYBEWC0ZKE0QF26V4B1E,"{""name"":""test"",""age"":39}"
type,key,value
set,01HF6MAYBE2D2C6WK4SZ1XBGY5,"{""name"":""test"",""age"":40}"
type,key,value
set,01HF6MAYBFD6VHFM2YT891PN6S,"{""name"":""test"",""age"":45}"
type,key,value
set,01HF6MAYBFJSNYNXSPT150K0Q5,"{""name"":""test"",""age"":48}"
type,key,value
set,01HF6MAYBF218G7VW30QHVKTXG,"{""name"":""test"",""age"":46}"
type,key,value
set,01HF6MAYBF8ZECYZTCZNHV5JZ2,"{""name"":""test"",""age"":49}"
type,key,value
set,01HF6MAYBFYZGH6R16HH2JTJA9,"{""name"":""test"",""age"":47}"
type,key,value
set,01HF6MAZVKGDG1SGPNWR7N440N,"{""name"":""jiojio"",""age"":18}"
type,key,value
set,01HF6MAZVP4QRQ8D22ZQFX9AK4,"{""name"":""jiojio"",""age"":18}"
type,key,value
delete,01HF6MAZVP4QRQ8D22ZQFX9AK4,
type,key,value
set,01HF6MAZVRK1SQ840TJ3RVTX44,"{""name"":""jiojio"",""age"":18}"
type,key,value
set,niga,"{""name"":""dio"",""age"":18}"
